{
	"format_version": "1.8.0",
	"animations": {
		"animation.malachite_guard.new": {
			"animation_length": 5,
			"bones": {
				"arm0": {
					"rotation": [0, 0, 0]
				},
				"upperArmL": {
					"rotation": {
						"0.0": [70, 0, 0],
						"0.7917": [0, 0, 0],
						"0.9583": [0, 0, 0],
						"2.375": [-115, 0, 0],
						"2.625": [-115, 0, 0],
						"2.8333": [-51.78, 0, 0],
						"3.0417": [5.45, 0, 0],
						"3.125": [0, 0, 0],
						"4.5833": [70, 0, 0]
					}
				},
				"lowerArmL": {
					"rotation": {
						"0.0": [104.16744, 25.10775, 0.73055],
						"0.7917": [0, 0, 0],
						"1.0": [0, 0, 0],
						"1.7917": [97.5, 0, 0],
						"2.1667": [70, 0, 0],
						"2.375": [89.1, 0, 0],
						"2.4167": [97.5, 0, 0],
						"2.5": [56.35, 0, 0],
						"2.5417": [54.83, 0, 0],
						"2.7083": [47.22, 0, 0],
						"2.75": [21.61, 0, 0],
						"2.9583": [22.58, 0, 0],
						"3.125": [0, 0, 0],
						"4.5833": [104.16744, 25.10775, 0.73055]
					}
				},
				"leg1": {
					"rotation": {
						"0.0": [25, 37.5, 0],
						"0.8333": [0, 0, 0],
						"0.9583": [0, 0, 0],
						"2.2917": [-75, 0, 0],
						"2.4583": [-95, 0, 0],
						"2.625": [-75, 0, 0],
						"2.75": [-49.28, 0, 0],
						"2.875": [-45.18, 0, 0],
						"2.9167": [-2.93, 0, 0],
						"2.9583": [-22.5, 0, 0],
						"3.125": [0, 0, 0],
						"4.5833": [25, 37.5, 0]
					}
				},
				"footR": {
					"rotation": {
						"0.0": [-27.5, 0, 0],
						"0.8333": [0, 0, 0],
						"1.0833": [0, 0, 0],
						"2.375": [0, 0, 0],
						"2.5417": [35, 0, 0],
						"2.9167": [14.36, 0, 0],
						"3.1667": [-6.13, 0, 0],
						"3.25": [0, 0, 0],
						"4.5833": [-27.5, 0, 0]
					}
				},
				"head": {
					"rotation": {
						"0.0": [0, 0, 0],
						"0.3333": [20, 0, 0],
						"1.0417": [0, 0, 0],
						"1.7917": [-27.5, 0, 0],
						"2.125": [-45, 0, 0],
						"2.2083": [-27.5, 0, 0],
						"2.2917": [-27.5, 0, 0],
						"2.4167": [-27.5, 0, 0],
						"2.5417": [4.67, 0, 0],
						"2.6667": [50.42, 0, 0],
						"2.75": [-85.11, 0, 0],
						"2.7917": [-69.24, 0, 0],
						"2.875": [-15, 0, 0],
						"3.0": [5, 0, 0],
						"3.125": [0, 0, 0],
						"3.3333": [12.5, 0, 0],
						"4.75": [-5, 0, 0]
					}
				},
				"helmet": {
					"rotation": {
						"0.0": [0, 0, 0],
						"0.3333": [7.5, 0, 0],
						"0.8333": [0, 0, 0],
						"1.7917": [2.5, 0, 0],
						"2.125": [7.5, 0, 0],
						"2.2083": [2.5, 0, 0],
						"2.2917": [2.5, 0, 0],
						"2.4167": [2.5, 0, 0],
						"2.5417": [2.37, 0, 0],
						"2.625": [-0.6, 0, 0],
						"2.6667": [-2.08, 0, 0],
						"2.75": [3.65, 0, 0],
						"2.7917": [-2.57, 0, 0],
						"2.875": [0, 0, 0],
						"3.0": [2.5, 0, 0],
						"3.125": [0, 0, 0],
						"3.3333": [0, 0, 0],
						"4.75": [5, 0, 0]
					}
				},
				"leg0": {
					"rotation": {
						"0.0": [25, -42.5, 0],
						"0.8333": [0, 0, 0],
						"3.125": [0, 0, 0],
						"4.5833": [25, -42.5, 0]
					}
				},
				"footL": {
					"rotation": {
						"0.0": [-25, 0, 0],
						"0.8333": [0, 0, 0],
						"3.125": [0, 0, 0],
						"4.5833": [-25, 0, 0]
					}
				},
				"torso": {
					"rotation": [0, 0, 0]
				},
				"arm1": {
					"rotation": [0, 0, 0]
				},
				"upperArmR": {
					"rotation": {
						"0.0": [75, 0, 0],
						"0.7917": [0, 0, 0],
						"0.9167": [0, 0, 0],
						"2.375": [-107.5, 0, 0],
						"2.625": [-107.5, 0, 0],
						"2.875": [-48.77, 0, 0],
						"3.0417": [-3.65, 0, 0],
						"3.125": [0, 0, 0],
						"4.5833": [75, 0, 0]
					}
				},
				"lowerArmR": {
					"rotation": {
						"0.0": [97.83539, -32.45695, -1.20983],
						"0.8333": [0, 0, 0],
						"0.9167": [0, 0, 0],
						"1.7917": [97.5, 0, 0],
						"2.1667": [70, 0, 0],
						"2.375": [89.9067, -0.28964, -3.00361],
						"2.4167": [97.5, 0, 0],
						"2.5": [63.85, 0, 0],
						"2.5417": [50.78, 0, 0],
						"2.625": [43.15, 0, 0],
						"2.7083": [45.52, 0, 0],
						"2.75": [16.95, 0, 0],
						"2.7917": [25.07, 0, 0],
						"2.875": [26.31, 0, 0],
						"2.9167": [31.08, 0, 0],
						"2.9583": [20.00088, 0, 0],
						"3.125": [0, 0, 0],
						"4.5833": [97.83539, -32.45695, -1.20983]
					}
				}
			}
		}
	}
}